{
    "모드별 총 거리": {
        "false": 189.03027763439803,
        "true": 166.51004403383865
    },
    "모드별 총 계산시간": {
        "false": 0.11142802238464355,
        "true": 38.81675362586975
    },
    "모드별 1미터당 평균 계산 시간": {
        "false": 0.0005894718231338348,
        "true": 0.2331195925813418
    }
}